[ {
  "id" : 1,
  "name" : "John Doe",
  "age" : 18,
  "address" : "123 Main St, Anytown USA"
}, {
  "id" : 2,
  "name" : "Jane Smith",
  "age" : 19,
  "address" : "456 Oak Ave, Anytown USA"
}, {
  "id" : 3,
  "name" : "Bob Johnson",
  "age" : 20,
  "address" : "789 Elm St, Anytown USA"
}, {
  "id" : 4,
  "name" : "Samantha Williams",
  "age" : 21,
  "address" : "234 Maple Dr, Anytown USA"
}, {
  "id" : 5,
  "name" : "Tom Jackson",
  "age" : 22,
  "address" : "567 Pine St, Anytown USA"
}, {
  "id" : 6,
  "name" : "Emily Davis",
  "age" : 23,
  "address" : "890 Cedar Ln, Anytown USA"
}, {
  "id" : 7,
  "name" : "Mike Lee",
  "age" : 24,
  "address" : "345 Birch Rd, Anytown USA"
}, {
  "id" : 8,
  "name" : "Maria Garcia",
  "age" : 25,
  "address" : "678 Oak Ave, Anytown USA"
}, {
  "id" : 9,
  "name" : "David Kim",
  "age" : 26,
  "address" : "901 Maple Dr, Anytown USA"
}, {
  "id" : 10,
  "name" : "Sophie Martin",
  "age" : 27,
  "address" : "234 Pine St, Anytown USA"
} ]